0,RND *,*,*,<javascript>#NewlinemyMath = Math.floor(Math.random() * <star index="1"/>);#NewlinemyMath = myMath / Math.pow(10#Comma 0);#NewlinemyMath = myMath.toString();#NewlinemyMath;#Newline#Newline</javascript>,nombres.aiml
0,* FOIS *,*,*,<srai><star index="1"/> X <star index="2"/></srai>,nombres.aiml
0,* X *,*,*,<srai><star index="1"/> MULTIPLIÉ PAR <star index="2"/></srai>,nombres.aiml
0,* MULTIPLIÉ PAR *,*,*,<javascript>#NewlinemyMath = eval( <star index="1"/> * <star index="2"/> );#Newline myMath;#Newline</javascript>,nombres.aiml
0,* PLUS *,*,*,<javascript>#NewlinemyMath = eval( <star index="1"/> + <star index="2"/> );#Newline myMath;#Newline</javascript>,nombres.aiml
0,* MOINS *,*,*,<javascript>#NewlinemyMath = eval( <star index="1"/> - <star index="2"/> );#Newline myMath;#Newline</javascript>,nombres.aiml
0,* DIVISÉ PAR *,*,*,<javascript>#NewlinemyMath = eval( <star index="1"/> / <star index="2"/> );#Newline myMath;#Newline</javascript>,nombres.aiml
0,EST CE UN NOMBRE *,*,*,<think>#Newline        <srai>testnombre <star/></srai>#Newline      </think>,nombres.aiml
0,EST CE QUE * EST UN NOMBRE,*,*,<think>#Newline        <srai>testnombre <star/></srai>#Newline      </think>,nombres.aiml
0,ALPHA *,*,*,<star/> n'est pas un nombre,nombres.aiml
0,NUMBER *,*,*,<star/> est un nombre,nombres.aiml
0,TESTER LE NOMBRE *,*,*,<condition>#Newline        <srai>testnombre <star/></srai>#Newline        <li name="cestunnombre" value="nb">#Newline          <srai>number <get name="lenombre"/></srai>#Newline</li>#Newline        <li>#Newline          <srai>alpha <get name="lenombre"/></srai>#Newline</li>#Newline      </condition>,nombres.aiml
0,TESTNOMBRE *,*,*,<think>#Newline        <set name="lenombre">#Newline          <star/>#Newline        </set>#Newline      </think>#Newline      <think>#Newline        <set name="cestunnombre">#Newline          <condition>#Newline            <li name="lenombre" value="0">nb</li>#Newline            <li name="lenombre" value="1">nb</li>#Newline            <li name="lenombre" value="2">nb</li>#Newline            <li name="lenombre" value="3">nb</li>#Newline            <li name="lenombre" value="4">nb</li>#Newline            <li name="lenombre" value="5">nb</li>#Newline            <li name="lenombre" value="6">nb</li>#Newline            <li name="lenombre" value="7">nb</li>#Newline            <li name="lenombre" value="8">nb</li>#Newline            <li name="lenombre" value="9">nb</li>#Newline            <li name="lenombre" value="10">nb</li>#Newline            <li name="lenombre" value="11">nb</li>#Newline            <li name="lenombre" value="12">nb</li>#Newline            <li name="lenombre" value="13">nb</li>#Newline            <li name="lenombre" value="14">nb</li>#Newline            <li name="lenombre" value="15">nb</li>#Newline            <li name="lenombre" value="16">nb</li>#Newline            <li name="lenombre" value="17">nb</li>#Newline            <li name="lenombre" value="18">nb</li>#Newline            <li name="lenombre" value="19">nb</li>#Newline            <li name="lenombre" value="20">nb</li>#Newline            <li name="lenombre" value="21">nb</li>#Newline            <li name="lenombre" value="22">nb</li>#Newline            <li name="lenombre" value="23">nb</li>#Newline            <li name="lenombre" value="24">nb</li>#Newline            <li name="lenombre" value="25">nb</li>#Newline            <li name="lenombre" value="26">nb</li>#Newline            <li name="lenombre" value="27">nb</li>#Newline            <li name="lenombre" value="28">nb</li>#Newline            <li name="lenombre" value="29">nb</li>#Newline            <li name="lenombre" value="30">nb</li>#Newline            <li name="lenombre" value="31">nb</li>#Newline            <li name="lenombre" value="32">nb</li>#Newline            <li name="lenombre" value="33">nb</li>#Newline            <li name="lenombre" value="34">nb</li>#Newline            <li name="lenombre" value="35">nb</li>#Newline            <li name="lenombre" value="36">nb</li>#Newline            <li name="lenombre" value="37">nb</li>#Newline            <li name="lenombre" value="38">nb</li>#Newline            <li name="lenombre" value="39">nb</li>#Newline            <li name="lenombre" value="40">nb</li>#Newline            <li name="lenombre" value="41">nb</li>#Newline            <li name="lenombre" value="42">nb</li>#Newline            <li name="lenombre" value="43">nb</li>#Newline            <li name="lenombre" value="44">nb</li>#Newline            <li name="lenombre" value="45">nb</li>#Newline            <li name="lenombre" value="46">nb</li>#Newline            <li name="lenombre" value="47">nb</li>#Newline            <li name="lenombre" value="48">nb</li>#Newline            <li name="lenombre" value="49">nb</li>#Newline            <li name="lenombre" value="50">nb</li>#Newline            <li name="lenombre" value="51">nb</li>#Newline            <li name="lenombre" value="52">nb</li>#Newline            <li name="lenombre" value="53">nb</li>#Newline            <li name="lenombre" value="54">nb</li>#Newline            <li name="lenombre" value="55">nb</li>#Newline            <li name="lenombre" value="56">nb</li>#Newline            <li name="lenombre" value="57">nb</li>#Newline            <li name="lenombre" value="58">nb</li>#Newline            <li name="lenombre" value="59">nb</li>#Newline            <li name="lenombre" value="60">nb</li>#Newline            <li name="lenombre" value="61">nb</li>#Newline            <li name="lenombre" value="62">nb</li>#Newline            <li name="lenombre" value="63">nb</li>#Newline            <li name="lenombre" value="64">nb</li>#Newline            <li name="lenombre" value="65">nb</li>#Newline            <li name="lenombre" value="66">nb</li>#Newline            <li name="lenombre" value="67">nb</li>#Newline            <li name="lenombre" value="68">nb</li>#Newline            <li name="lenombre" value="69">nb</li>#Newline            <li name="lenombre" value="70">nb</li>#Newline            <li name="lenombre" value="71">nb</li>#Newline            <li name="lenombre" value="72">nb</li>#Newline            <li name="lenombre" value="73">nb</li>#Newline            <li name="lenombre" value="74">nb</li>#Newline            <li name="lenombre" value="75">nb</li>#Newline            <li name="lenombre" value="76">nb</li>#Newline            <li name="lenombre" value="77">nb</li>#Newline            <li name="lenombre" value="78">nb</li>#Newline            <li name="lenombre" value="79">nb</li>#Newline            <li name="lenombre" value="80">nb</li>#Newline            <li name="lenombre" value="81">nb</li>#Newline            <li name="lenombre" value="82">nb</li>#Newline            <li name="lenombre" value="83">nb</li>#Newline            <li name="lenombre" value="84">nb</li>#Newline            <li name="lenombre" value="85">nb</li>#Newline            <li name="lenombre" value="86">nb</li>#Newline            <li name="lenombre" value="87">nb</li>#Newline            <li name="lenombre" value="88">nb</li>#Newline            <li name="lenombre" value="89">nb</li>#Newline            <li name="lenombre" value="90">nb</li>#Newline            <li name="lenombre" value="91">nb</li>#Newline            <li name="lenombre" value="92">nb</li>#Newline            <li name="lenombre" value="93">nb</li>#Newline            <li name="lenombre" value="94">nb</li>#Newline            <li name="lenombre" value="95">nb</li>#Newline            <li name="lenombre" value="96">nb</li>#Newline            <li name="lenombre" value="97">nb</li>#Newline            <li name="lenombre" value="98">nb</li>#Newline            <li name="lenombre" value="99">nb</li>#Newline            <li name="lenombre" value="100">nb</li>#Newline            <li name="lenombre" value="101">nb</li>#Newline            <li name="lenombre" value="102">nb</li>#Newline            <li name="lenombre" value="103">nb</li>#Newline            <li name="lenombre" value="104">nb</li>#Newline            <li name="lenombre" value="105">nb</li>#Newline            <li name="lenombre" value="106">nb</li>#Newline            <li name="lenombre" value="107">nb</li>#Newline            <li name="lenombre" value="108">nb</li>#Newline            <li name="lenombre" value="109">nb</li>#Newline            <li name="lenombre" value="110">nb</li>#Newline            <li name="lenombre" value="111">nb</li>#Newline            <li name="lenombre" value="112">nb</li>#Newline            <li name="lenombre" value="113">nb</li>#Newline            <li name="lenombre" value="114">nb</li>#Newline            <li name="lenombre" value="115">nb</li>#Newline            <li name="lenombre" value="116">nb</li>#Newline            <li name="lenombre" value="117">nb</li>#Newline            <li name="lenombre" value="118">nb</li>#Newline            <li name="lenombre" value="119">nb</li>#Newline            <li name="lenombre" value="120">nb</li>#Newline            <li name="lenombre" value="121">nb</li>#Newline            <li name="lenombre" value="122">nb</li>#Newline            <li name="lenombre" value="123">nb</li>#Newline            <li name="lenombre" value="124">nb</li>#Newline            <li name="lenombre" value="125">nb</li>#Newline            <li name="lenombre" value="126">nb</li>#Newline            <li name="lenombre" value="127">nb</li>#Newline            <li name="lenombre" value="128">nb</li>#Newline            <li name="lenombre" value="129">nb</li>#Newline            <li name="lenombre" value="130">nb</li>#Newline            <li name="lenombre" value="131">nb</li>#Newline            <li name="lenombre" value="132">nb</li>#Newline            <li name="lenombre" value="133">nb</li>#Newline            <li name="lenombre" value="134">nb</li>#Newline            <li name="lenombre" value="135">nb</li>#Newline            <li name="lenombre" value="136">nb</li>#Newline            <li name="lenombre" value="137">nb</li>#Newline            <li name="lenombre" value="138">nb</li>#Newline            <li name="lenombre" value="139">nb</li>#Newline            <li name="lenombre" value="140">nb</li>#Newline            <li name="lenombre" value="141">nb</li>#Newline            <li name="lenombre" value="142">nb</li>#Newline            <li name="lenombre" value="143">nb</li>#Newline            <li name="lenombre" value="144">nb</li>#Newline            <li name="lenombre" value="145">nb</li>#Newline            <li name="lenombre" value="146">nb</li>#Newline            <li name="lenombre" value="147">nb</li>#Newline            <li name="lenombre" value="148">nb</li>#Newline            <li name="lenombre" value="149">nb</li>#Newline            <li name="lenombre" value="150">nb</li>#Newline            <li name="lenombre" value="151">nb</li>#Newline            <li name="lenombre" value="152">nb</li>#Newline            <li name="lenombre" value="153">nb</li>#Newline            <li name="lenombre" value="154">nb</li>#Newline            <li name="lenombre" value="155">nb</li>#Newline            <li name="lenombre" value="156">nb</li>#Newline            <li name="lenombre" value="157">nb</li>#Newline            <li name="lenombre" value="158">nb</li>#Newline            <li name="lenombre" value="159">nb</li>#Newline            <li name="lenombre" value="160">nb</li>#Newline            <li name="lenombre" value="161">nb</li>#Newline            <li name="lenombre" value="162">nb</li>#Newline            <li name="lenombre" value="163">nb</li>#Newline            <li name="lenombre" value="164">nb</li>#Newline            <li name="lenombre" value="165">nb</li>#Newline            <li name="lenombre" value="166">nb</li>#Newline            <li name="lenombre" value="167">nb</li>#Newline            <li name="lenombre" value="168">nb</li>#Newline            <li name="lenombre" value="169">nb</li>#Newline            <li name="lenombre" value="170">nb</li>#Newline            <li name="lenombre" value="171">nb</li>#Newline            <li name="lenombre" value="172">nb</li>#Newline            <li name="lenombre" value="173">nb</li>#Newline            <li name="lenombre" value="174">nb</li>#Newline            <li name="lenombre" value="175">nb</li>#Newline            <li name="lenombre" value="176">nb</li>#Newline            <li name="lenombre" value="177">nb</li>#Newline            <li name="lenombre" value="178">nb</li>#Newline            <li name="lenombre" value="179">nb</li>#Newline            <li name="lenombre" value="180">nb</li>#Newline            <li name="lenombre" value="181">nb</li>#Newline            <li name="lenombre" value="182">nb</li>#Newline            <li name="lenombre" value="183">nb</li>#Newline            <li name="lenombre" value="184">nb</li>#Newline            <li name="lenombre" value="185">nb</li>#Newline            <li name="lenombre" value="186">nb</li>#Newline            <li name="lenombre" value="187">nb</li>#Newline            <li name="lenombre" value="188">nb</li>#Newline            <li name="lenombre" value="189">nb</li>#Newline            <li name="lenombre" value="190">nb</li>#Newline            <li name="lenombre" value="191">nb</li>#Newline            <li name="lenombre" value="192">nb</li>#Newline            <li name="lenombre" value="193">nb</li>#Newline            <li name="lenombre" value="194">nb</li>#Newline            <li name="lenombre" value="195">nb</li>#Newline            <li name="lenombre" value="196">nb</li>#Newline            <li name="lenombre" value="197">nb</li>#Newline            <li name="lenombre" value="198">nb</li>#Newline            <li name="lenombre" value="199">nb</li>#Newline            <li name="lenombre" value="200">nb</li>#Newline            <li name="lenombre" value="201">nb</li>#Newline            <li name="lenombre" value="202">nb</li>#Newline            <li name="lenombre" value="203">nb</li>#Newline            <li name="lenombre" value="204">nb</li>#Newline            <li name="lenombre" value="205">nb</li>#Newline            <li name="lenombre" value="206">nb</li>#Newline            <li name="lenombre" value="207">nb</li>#Newline            <li name="lenombre" value="208">nb</li>#Newline            <li name="lenombre" value="209">nb</li>#Newline            <li name="lenombre" value="210">nb</li>#Newline            <li name="lenombre" value="211">nb</li>#Newline            <li name="lenombre" value="212">nb</li>#Newline            <li name="lenombre" value="213">nb</li>#Newline            <li name="lenombre" value="214">nb</li>#Newline            <li name="lenombre" value="215">nb</li>#Newline            <li name="lenombre" value="216">nb</li>#Newline            <li name="lenombre" value="217">nb</li>#Newline            <li name="lenombre" value="218">nb</li>#Newline            <li name="lenombre" value="219">nb</li>#Newline            <li name="lenombre" value="220">nb</li>#Newline            <li name="lenombre" value="221">nb</li>#Newline            <li name="lenombre" value="222">nb</li>#Newline            <li name="lenombre" value="223">nb</li>#Newline            <li name="lenombre" value="224">nb</li>#Newline            <li name="lenombre" value="225">nb</li>#Newline            <li name="lenombre" value="226">nb</li>#Newline            <li name="lenombre" value="227">nb</li>#Newline            <li name="lenombre" value="228">nb</li>#Newline            <li name="lenombre" value="229">nb</li>#Newline            <li name="lenombre" value="230">nb</li>#Newline            <li name="lenombre" value="231">nb</li>#Newline            <li name="lenombre" value="232">nb</li>#Newline            <li name="lenombre" value="233">nb</li>#Newline            <li name="lenombre" value="234">nb</li>#Newline            <li name="lenombre" value="235">nb</li>#Newline            <li name="lenombre" value="236">nb</li>#Newline            <li name="lenombre" value="237">nb</li>#Newline            <li name="lenombre" value="238">nb</li>#Newline            <li name="lenombre" value="239">nb</li>#Newline            <li name="lenombre" value="240">nb</li>#Newline            <li name="lenombre" value="241">nb</li>#Newline            <li name="lenombre" value="242">nb</li>#Newline            <li name="lenombre" value="243">nb</li>#Newline            <li name="lenombre" value="244">nb</li>#Newline            <li name="lenombre" value="245">nb</li>#Newline            <li name="lenombre" value="246">nb</li>#Newline            <li name="lenombre" value="247">nb</li>#Newline            <li name="lenombre" value="248">nb</li>#Newline            <li name="lenombre" value="249">nb</li>#Newline            <li name="lenombre" value="250">nb</li>#Newline            <li name="lenombre" value="251">nb</li>#Newline            <li name="lenombre" value="252">nb</li>#Newline            <li name="lenombre" value="253">nb</li>#Newline            <li name="lenombre" value="254">nb</li>#Newline            <li name="lenombre" value="255">nb</li>#Newline            <li name="lenombre" value="256">nb</li>#Newline            <li name="lenombre" value="257">nb</li>#Newline            <li name="lenombre" value="258">nb</li>#Newline            <li name="lenombre" value="259">nb</li>#Newline            <li name="lenombre" value="260">nb</li>#Newline            <li name="lenombre" value="261">nb</li>#Newline            <li name="lenombre" value="262">nb</li>#Newline            <li name="lenombre" value="263">nb</li>#Newline            <li name="lenombre" value="264">nb</li>#Newline            <li name="lenombre" value="265">nb</li>#Newline            <li name="lenombre" value="266">nb</li>#Newline            <li name="lenombre" value="267">nb</li>#Newline            <li name="lenombre" value="268">nb</li>#Newline            <li name="lenombre" value="269">nb</li>#Newline            <li name="lenombre" value="270">nb</li>#Newline            <li name="lenombre" value="271">nb</li>#Newline            <li name="lenombre" value="272">nb</li>#Newline            <li name="lenombre" value="273">nb</li>#Newline            <li name="lenombre" value="274">nb</li>#Newline            <li name="lenombre" value="275">nb</li>#Newline            <li name="lenombre" value="276">nb</li>#Newline            <li name="lenombre" value="277">nb</li>#Newline            <li name="lenombre" value="278">nb</li>#Newline            <li name="lenombre" value="279">nb</li>#Newline            <li name="lenombre" value="280">nb</li>#Newline            <li name="lenombre" value="281">nb</li>#Newline            <li name="lenombre" value="282">nb</li>#Newline            <li name="lenombre" value="283">nb</li>#Newline            <li name="lenombre" value="284">nb</li>#Newline            <li name="lenombre" value="285">nb</li>#Newline            <li name="lenombre" value="286">nb</li>#Newline            <li name="lenombre" value="287">nb</li>#Newline            <li name="lenombre" value="288">nb</li>#Newline            <li name="lenombre" value="289">nb</li>#Newline            <li name="lenombre" value="290">nb</li>#Newline            <li name="lenombre" value="291">nb</li>#Newline            <li name="lenombre" value="292">nb</li>#Newline            <li name="lenombre" value="293">nb</li>#Newline            <li name="lenombre" value="294">nb</li>#Newline            <li name="lenombre" value="295">nb</li>#Newline            <li name="lenombre" value="296">nb</li>#Newline            <li name="lenombre" value="297">nb</li>#Newline            <li name="lenombre" value="298">nb</li>#Newline            <li name="lenombre" value="299">nb</li>#Newline            <li name="lenombre" value="300">nb</li>#Newline            <li name="lenombre" value="301">nb</li>#Newline            <li name="lenombre" value="302">nb</li>#Newline            <li name="lenombre" value="303">nb</li>#Newline            <li name="lenombre" value="304">nb</li>#Newline            <li name="lenombre" value="305">nb</li>#Newline            <li name="lenombre" value="306">nb</li>#Newline            <li name="lenombre" value="307">nb</li>#Newline            <li name="lenombre" value="308">nb</li>#Newline            <li name="lenombre" value="309">nb</li>#Newline            <li name="lenombre" value="310">nb</li>#Newline            <li name="lenombre" value="311">nb</li>#Newline            <li name="lenombre" value="312">nb</li>#Newline            <li name="lenombre" value="313">nb</li>#Newline            <li name="lenombre" value="314">nb</li>#Newline            <li name="lenombre" value="315">nb</li>#Newline            <li name="lenombre" value="316">nb</li>#Newline            <li name="lenombre" value="317">nb</li>#Newline            <li name="lenombre" value="318">nb</li>#Newline            <li name="lenombre" value="319">nb</li>#Newline            <li name="lenombre" value="320">nb</li>#Newline            <li name="lenombre" value="321">nb</li>#Newline            <li name="lenombre" value="322">nb</li>#Newline            <li name="lenombre" value="323">nb</li>#Newline            <li name="lenombre" value="324">nb</li>#Newline            <li name="lenombre" value="325">nb</li>#Newline            <li name="lenombre" value="326">nb</li>#Newline            <li name="lenombre" value="327">nb</li>#Newline            <li name="lenombre" value="328">nb</li>#Newline            <li name="lenombre" value="329">nb</li>#Newline            <li name="lenombre" value="330">nb</li>#Newline            <li name="lenombre" value="331">nb</li>#Newline            <li name="lenombre" value="332">nb</li>#Newline            <li name="lenombre" value="333">nb</li>#Newline            <li name="lenombre" value="334">nb</li>#Newline            <li name="lenombre" value="335">nb</li>#Newline            <li name="lenombre" value="336">nb</li>#Newline            <li name="lenombre" value="337">nb</li>#Newline            <li name="lenombre" value="338">nb</li>#Newline            <li name="lenombre" value="339">nb</li>#Newline            <li name="lenombre" value="340">nb</li>#Newline            <li name="lenombre" value="341">nb</li>#Newline            <li name="lenombre" value="342">nb</li>#Newline            <li name="lenombre" value="343">nb</li>#Newline            <li name="lenombre" value="344">nb</li>#Newline            <li name="lenombre" value="345">nb</li>#Newline            <li name="lenombre" value="346">nb</li>#Newline            <li name="lenombre" value="347">nb</li>#Newline            <li name="lenombre" value="348">nb</li>#Newline            <li name="lenombre" value="349">nb</li>#Newline            <li name="lenombre" value="350">nb</li>#Newline            <li name="lenombre" value="351">nb</li>#Newline            <li name="lenombre" value="352">nb</li>#Newline            <li name="lenombre" value="353">nb</li>#Newline            <li name="lenombre" value="354">nb</li>#Newline            <li name="lenombre" value="355">nb</li>#Newline            <li name="lenombre" value="356">nb</li>#Newline            <li name="lenombre" value="357">nb</li>#Newline            <li name="lenombre" value="358">nb</li>#Newline            <li name="lenombre" value="359">nb</li>#Newline            <li name="lenombre" value="360">nb</li>#Newline            <li name="lenombre" value="361">nb</li>#Newline            <li name="lenombre" value="362">nb</li>#Newline            <li name="lenombre" value="363">nb</li>#Newline            <li name="lenombre" value="364">nb</li>#Newline            <li name="lenombre" value="365">nb</li>#Newline            <li name="lenombre" value="366">nb</li>#Newline            <li name="lenombre" value="367">nb</li>#Newline            <li name="lenombre" value="368">nb</li>#Newline            <li name="lenombre" value="369">nb</li>#Newline            <li name="lenombre" value="370">nb</li>#Newline            <li name="lenombre" value="371">nb</li>#Newline            <li name="lenombre" value="372">nb</li>#Newline            <li name="lenombre" value="373">nb</li>#Newline            <li name="lenombre" value="374">nb</li>#Newline            <li name="lenombre" value="375">nb</li>#Newline            <li name="lenombre" value="376">nb</li>#Newline            <li name="lenombre" value="377">nb</li>#Newline            <li name="lenombre" value="378">nb</li>#Newline            <li name="lenombre" value="379">nb</li>#Newline            <li name="lenombre" value="380">nb</li>#Newline            <li name="lenombre" value="381">nb</li>#Newline            <li name="lenombre" value="382">nb</li>#Newline            <li name="lenombre" value="383">nb</li>#Newline            <li name="lenombre" value="384">nb</li>#Newline            <li name="lenombre" value="385">nb</li>#Newline            <li name="lenombre" value="386">nb</li>#Newline            <li name="lenombre" value="387">nb</li>#Newline            <li name="lenombre" value="388">nb</li>#Newline            <li name="lenombre" value="389">nb</li>#Newline            <li name="lenombre" value="390">nb</li>#Newline            <li name="lenombre" value="391">nb</li>#Newline            <li name="lenombre" value="392">nb</li>#Newline            <li name="lenombre" value="393">nb</li>#Newline            <li name="lenombre" value="394">nb</li>#Newline            <li name="lenombre" value="395">nb</li>#Newline            <li name="lenombre" value="396">nb</li>#Newline            <li name="lenombre" value="397">nb</li>#Newline            <li name="lenombre" value="398">nb</li>#Newline            <li name="lenombre" value="399">nb</li>#Newline            <li name="lenombre" value="400">nb</li>#Newline            <li name="lenombre" value="401">nb</li>#Newline            <li name="lenombre" value="402">nb</li>#Newline            <li name="lenombre" value="403">nb</li>#Newline            <li name="lenombre" value="404">nb</li>#Newline            <li name="lenombre" value="405">nb</li>#Newline            <li name="lenombre" value="406">nb</li>#Newline            <li name="lenombre" value="407">nb</li>#Newline            <li name="lenombre" value="408">nb</li>#Newline            <li name="lenombre" value="409">nb</li>#Newline            <li name="lenombre" value="410">nb</li>#Newline            <li name="lenombre" value="411">nb</li>#Newline            <li name="lenombre" value="412">nb</li>#Newline            <li name="lenombre" value="413">nb</li>#Newline            <li name="lenombre" value="414">nb</li>#Newline            <li name="lenombre" value="415">nb</li>#Newline            <li name="lenombre" value="416">nb</li>#Newline            <li name="lenombre" value="417">nb</li>#Newline            <li name="lenombre" value="418">nb</li>#Newline            <li name="lenombre" value="419">nb</li>#Newline            <li name="lenombre" value="420">nb</li>#Newline            <li name="lenombre" value="421">nb</li>#Newline            <li name="lenombre" value="422">nb</li>#Newline            <li name="lenombre" value="423">nb</li>#Newline            <li name="lenombre" value="424">nb</li>#Newline            <li name="lenombre" value="425">nb</li>#Newline            <li name="lenombre" value="426">nb</li>#Newline            <li name="lenombre" value="427">nb</li>#Newline            <li name="lenombre" value="428">nb</li>#Newline            <li name="lenombre" value="429">nb</li>#Newline            <li name="lenombre" value="430">nb</li>#Newline            <li name="lenombre" value="431">nb</li>#Newline            <li name="lenombre" value="432">nb</li>#Newline            <li name="lenombre" value="433">nb</li>#Newline            <li name="lenombre" value="434">nb</li>#Newline            <li name="lenombre" value="435">nb</li>#Newline            <li name="lenombre" value="436">nb</li>#Newline            <li name="lenombre" value="437">nb</li>#Newline            <li name="lenombre" value="438">nb</li>#Newline            <li name="lenombre" value="439">nb</li>#Newline            <li name="lenombre" value="440">nb</li>#Newline            <li name="lenombre" value="441">nb</li>#Newline            <li name="lenombre" value="442">nb</li>#Newline            <li name="lenombre" value="443">nb</li>#Newline            <li name="lenombre" value="444">nb</li>#Newline            <li name="lenombre" value="445">nb</li>#Newline            <li name="lenombre" value="446">nb</li>#Newline            <li name="lenombre" value="447">nb</li>#Newline            <li name="lenombre" value="448">nb</li>#Newline            <li name="lenombre" value="449">nb</li>#Newline            <li name="lenombre" value="450">nb</li>#Newline            <li name="lenombre" value="451">nb</li>#Newline            <li name="lenombre" value="452">nb</li>#Newline            <li name="lenombre" value="453">nb</li>#Newline            <li name="lenombre" value="454">nb</li>#Newline            <li name="lenombre" value="455">nb</li>#Newline            <li name="lenombre" value="456">nb</li>#Newline            <li name="lenombre" value="457">nb</li>#Newline            <li name="lenombre" value="458">nb</li>#Newline            <li name="lenombre" value="459">nb</li>#Newline            <li name="lenombre" value="460">nb</li>#Newline            <li name="lenombre" value="461">nb</li>#Newline            <li name="lenombre" value="462">nb</li>#Newline            <li name="lenombre" value="463">nb</li>#Newline            <li name="lenombre" value="464">nb</li>#Newline            <li name="lenombre" value="465">nb</li>#Newline            <li name="lenombre" value="466">nb</li>#Newline            <li name="lenombre" value="467">nb</li>#Newline            <li name="lenombre" value="468">nb</li>#Newline            <li name="lenombre" value="469">nb</li>#Newline            <li name="lenombre" value="470">nb</li>#Newline            <li name="lenombre" value="471">nb</li>#Newline            <li name="lenombre" value="472">nb</li>#Newline            <li name="lenombre" value="473">nb</li>#Newline            <li name="lenombre" value="474">nb</li>#Newline            <li name="lenombre" value="475">nb</li>#Newline            <li name="lenombre" value="476">nb</li>#Newline            <li name="lenombre" value="477">nb</li>#Newline            <li name="lenombre" value="478">nb</li>#Newline            <li name="lenombre" value="479">nb</li>#Newline            <li name="lenombre" value="480">nb</li>#Newline            <li name="lenombre" value="481">nb</li>#Newline            <li name="lenombre" value="482">nb</li>#Newline            <li name="lenombre" value="483">nb</li>#Newline            <li name="lenombre" value="484">nb</li>#Newline            <li name="lenombre" value="485">nb</li>#Newline            <li name="lenombre" value="486">nb</li>#Newline            <li name="lenombre" value="487">nb</li>#Newline            <li name="lenombre" value="488">nb</li>#Newline            <li name="lenombre" value="489">nb</li>#Newline            <li name="lenombre" value="490">nb</li>#Newline            <li name="lenombre" value="491">nb</li>#Newline            <li name="lenombre" value="492">nb</li>#Newline            <li name="lenombre" value="493">nb</li>#Newline            <li name="lenombre" value="494">nb</li>#Newline            <li name="lenombre" value="495">nb</li>#Newline            <li name="lenombre" value="496">nb</li>#Newline            <li name="lenombre" value="497">nb</li>#Newline            <li name="lenombre" value="498">nb</li>#Newline            <li name="lenombre" value="499">nb</li>#Newline            <li name="lenombre" value="500">nb</li>#Newline            <li name="lenombre" value="501">nb</li>#Newline            <li name="lenombre" value="502">nb</li>#Newline            <li name="lenombre" value="503">nb</li>#Newline            <li name="lenombre" value="504">nb</li>#Newline            <li name="lenombre" value="505">nb</li>#Newline            <li name="lenombre" value="506">nb</li>#Newline            <li name="lenombre" value="507">nb</li>#Newline            <li name="lenombre" value="508">nb</li>#Newline            <li name="lenombre" value="509">nb</li>#Newline            <li name="lenombre" value="510">nb</li>#Newline            <li name="lenombre" value="511">nb</li>#Newline            <li name="lenombre" value="512">nb</li>#Newline            <li name="lenombre" value="513">nb</li>#Newline            <li name="lenombre" value="514">nb</li>#Newline            <li name="lenombre" value="515">nb</li>#Newline            <li name="lenombre" value="516">nb</li>#Newline            <li name="lenombre" value="517">nb</li>#Newline            <li name="lenombre" value="518">nb</li>#Newline            <li name="lenombre" value="519">nb</li>#Newline            <li name="lenombre" value="520">nb</li>#Newline            <li name="lenombre" value="521">nb</li>#Newline            <li name="lenombre" value="522">nb</li>#Newline            <li name="lenombre" value="523">nb</li>#Newline            <li name="lenombre" value="524">nb</li>#Newline            <li name="lenombre" value="525">nb</li>#Newline            <li name="lenombre" value="526">nb</li>#Newline            <li name="lenombre" value="527">nb</li>#Newline            <li name="lenombre" value="528">nb</li>#Newline            <li name="lenombre" value="529">nb</li>#Newline            <li name="lenombre" value="530">nb</li>#Newline            <li name="lenombre" value="531">nb</li>#Newline            <li name="lenombre" value="532">nb</li>#Newline            <li name="lenombre" value="533">nb</li>#Newline            <li name="lenombre" value="534">nb</li>#Newline            <li name="lenombre" value="535">nb</li>#Newline            <li name="lenombre" value="536">nb</li>#Newline            <li name="lenombre" value="537">nb</li>#Newline            <li name="lenombre" value="538">nb</li>#Newline            <li name="lenombre" value="539">nb</li>#Newline            <li name="lenombre" value="540">nb</li>#Newline            <li name="lenombre" value="541">nb</li>#Newline            <li name="lenombre" value="542">nb</li>#Newline            <li name="lenombre" value="543">nb</li>#Newline            <li name="lenombre" value="544">nb</li>#Newline            <li name="lenombre" value="545">nb</li>#Newline            <li name="lenombre" value="546">nb</li>#Newline            <li name="lenombre" value="547">nb</li>#Newline            <li name="lenombre" value="548">nb</li>#Newline            <li name="lenombre" value="549">nb</li>#Newline            <li name="lenombre" value="550">nb</li>#Newline            <li name="lenombre" value="551">nb</li>#Newline            <li name="lenombre" value="552">nb</li>#Newline            <li name="lenombre" value="553">nb</li>#Newline            <li name="lenombre" value="554">nb</li>#Newline            <li name="lenombre" value="555">nb</li>#Newline            <li name="lenombre" value="556">nb</li>#Newline            <li name="lenombre" value="557">nb</li>#Newline            <li name="lenombre" value="558">nb</li>#Newline            <li name="lenombre" value="559">nb</li>#Newline            <li name="lenombre" value="560">nb</li>#Newline            <li name="lenombre" value="561">nb</li>#Newline            <li name="lenombre" value="562">nb</li>#Newline            <li name="lenombre" value="563">nb</li>#Newline            <li name="lenombre" value="564">nb</li>#Newline            <li name="lenombre" value="565">nb</li>#Newline            <li name="lenombre" value="566">nb</li>#Newline            <li name="lenombre" value="567">nb</li>#Newline            <li name="lenombre" value="568">nb</li>#Newline            <li name="lenombre" value="569">nb</li>#Newline            <li name="lenombre" value="570">nb</li>#Newline            <li name="lenombre" value="571">nb</li>#Newline            <li name="lenombre" value="572">nb</li>#Newline            <li name="lenombre" value="573">nb</li>#Newline            <li name="lenombre" value="574">nb</li>#Newline            <li name="lenombre" value="575">nb</li>#Newline            <li name="lenombre" value="576">nb</li>#Newline            <li name="lenombre" value="577">nb</li>#Newline            <li name="lenombre" value="578">nb</li>#Newline            <li name="lenombre" value="579">nb</li>#Newline            <li name="lenombre" value="580">nb</li>#Newline            <li name="lenombre" value="581">nb</li>#Newline            <li name="lenombre" value="582">nb</li>#Newline            <li name="lenombre" value="583">nb</li>#Newline            <li name="lenombre" value="584">nb</li>#Newline            <li name="lenombre" value="585">nb</li>#Newline            <li name="lenombre" value="586">nb</li>#Newline            <li name="lenombre" value="587">nb</li>#Newline            <li name="lenombre" value="588">nb</li>#Newline            <li name="lenombre" value="589">nb</li>#Newline            <li name="lenombre" value="590">nb</li>#Newline            <li name="lenombre" value="591">nb</li>#Newline            <li name="lenombre" value="592">nb</li>#Newline            <li name="lenombre" value="593">nb</li>#Newline            <li name="lenombre" value="594">nb</li>#Newline            <li name="lenombre" value="595">nb</li>#Newline            <li name="lenombre" value="596">nb</li>#Newline            <li name="lenombre" value="597">nb</li>#Newline            <li name="lenombre" value="598">nb</li>#Newline            <li name="lenombre" value="599">nb</li>#Newline            <li name="lenombre" value="600">nb</li>#Newline            <li name="lenombre" value="601">nb</li>#Newline            <li name="lenombre" value="602">nb</li>#Newline            <li name="lenombre" value="603">nb</li>#Newline            <li name="lenombre" value="604">nb</li>#Newline            <li name="lenombre" value="605">nb</li>#Newline            <li name="lenombre" value="606">nb</li>#Newline            <li name="lenombre" value="607">nb</li>#Newline            <li name="lenombre" value="608">nb</li>#Newline            <li name="lenombre" value="609">nb</li>#Newline            <li name="lenombre" value="610">nb</li>#Newline            <li name="lenombre" value="611">nb</li>#Newline            <li name="lenombre" value="612">nb</li>#Newline            <li name="lenombre" value="613">nb</li>#Newline            <li name="lenombre" value="614">nb</li>#Newline            <li name="lenombre" value="615">nb</li>#Newline            <li name="lenombre" value="616">nb</li>#Newline            <li name="lenombre" value="617">nb</li>#Newline            <li name="lenombre" value="618">nb</li>#Newline            <li name="lenombre" value="619">nb</li>#Newline            <li name="lenombre" value="620">nb</li>#Newline            <li name="lenombre" value="621">nb</li>#Newline            <li name="lenombre" value="622">nb</li>#Newline            <li name="lenombre" value="623">nb</li>#Newline            <li name="lenombre" value="624">nb</li>#Newline            <li name="lenombre" value="625">nb</li>#Newline            <li name="lenombre" value="626">nb</li>#Newline            <li name="lenombre" value="627">nb</li>#Newline            <li name="lenombre" value="628">nb</li>#Newline            <li name="lenombre" value="629">nb</li>#Newline            <li name="lenombre" value="630">nb</li>#Newline            <li name="lenombre" value="631">nb</li>#Newline            <li name="lenombre" value="632">nb</li>#Newline            <li name="lenombre" value="633">nb</li>#Newline            <li name="lenombre" value="634">nb</li>#Newline            <li name="lenombre" value="635">nb</li>#Newline            <li name="lenombre" value="636">nb</li>#Newline            <li name="lenombre" value="637">nb</li>#Newline            <li name="lenombre" value="638">nb</li>#Newline            <li name="lenombre" value="639">nb</li>#Newline            <li name="lenombre" value="640">nb</li>#Newline            <li name="lenombre" value="641">nb</li>#Newline            <li name="lenombre" value="642">nb</li>#Newline            <li name="lenombre" value="643">nb</li>#Newline            <li name="lenombre" value="644">nb</li>#Newline            <li name="lenombre" value="645">nb</li>#Newline            <li name="lenombre" value="646">nb</li>#Newline            <li name="lenombre" value="647">nb</li>#Newline            <li name="lenombre" value="648">nb</li>#Newline            <li name="lenombre" value="649">nb</li>#Newline            <li name="lenombre" value="650">nb</li>#Newline            <li name="lenombre" value="651">nb</li>#Newline            <li name="lenombre" value="652">nb</li>#Newline            <li name="lenombre" value="653">nb</li>#Newline            <li name="lenombre" value="654">nb</li>#Newline            <li name="lenombre" value="655">nb</li>#Newline            <li name="lenombre" value="656">nb</li>#Newline            <li name="lenombre" value="657">nb</li>#Newline            <li name="lenombre" value="658">nb</li>#Newline            <li name="lenombre" value="659">nb</li>#Newline            <li name="lenombre" value="660">nb</li>#Newline            <li name="lenombre" value="661">nb</li>#Newline            <li name="lenombre" value="662">nb</li>#Newline            <li name="lenombre" value="663">nb</li>#Newline            <li name="lenombre" value="664">nb</li>#Newline            <li name="lenombre" value="665">nb</li>#Newline            <li name="lenombre" value="666">nb</li>#Newline            <li name="lenombre" value="667">nb</li>#Newline            <li name="lenombre" value="668">nb</li>#Newline            <li name="lenombre" value="669">nb</li>#Newline            <li name="lenombre" value="670">nb</li>#Newline            <li name="lenombre" value="671">nb</li>#Newline            <li name="lenombre" value="672">nb</li>#Newline            <li name="lenombre" value="673">nb</li>#Newline            <li name="lenombre" value="674">nb</li>#Newline            <li name="lenombre" value="675">nb</li>#Newline            <li name="lenombre" value="676">nb</li>#Newline            <li name="lenombre" value="677">nb</li>#Newline            <li name="lenombre" value="678">nb</li>#Newline            <li name="lenombre" value="679">nb</li>#Newline            <li name="lenombre" value="680">nb</li>#Newline            <li name="lenombre" value="681">nb</li>#Newline            <li name="lenombre" value="682">nb</li>#Newline            <li name="lenombre" value="683">nb</li>#Newline            <li name="lenombre" value="684">nb</li>#Newline            <li name="lenombre" value="685">nb</li>#Newline            <li name="lenombre" value="686">nb</li>#Newline            <li name="lenombre" value="687">nb</li>#Newline            <li name="lenombre" value="688">nb</li>#Newline            <li name="lenombre" value="689">nb</li>#Newline            <li name="lenombre" value="690">nb</li>#Newline            <li name="lenombre" value="691">nb</li>#Newline            <li name="lenombre" value="692">nb</li>#Newline            <li name="lenombre" value="693">nb</li>#Newline            <li name="lenombre" value="694">nb</li>#Newline            <li name="lenombre" value="695">nb</li>#Newline            <li name="lenombre" value="696">nb</li>#Newline            <li name="lenombre" value="697">nb</li>#Newline            <li name="lenombre" value="698">nb</li>#Newline            <li name="lenombre" value="699">nb</li>#Newline            <li name="lenombre" value="700">nb</li>#Newline            <li name="lenombre" value="701">nb</li>#Newline            <li name="lenombre" value="702">nb</li>#Newline            <li name="lenombre" value="703">nb</li>#Newline            <li name="lenombre" value="704">nb</li>#Newline            <li name="lenombre" value="705">nb</li>#Newline            <li name="lenombre" value="706">nb</li>#Newline            <li name="lenombre" value="707">nb</li>#Newline            <li name="lenombre" value="708">nb</li>#Newline            <li name="lenombre" value="709">nb</li>#Newline            <li name="lenombre" value="710">nb</li>#Newline            <li name="lenombre" value="711">nb</li>#Newline            <li name="lenombre" value="712">nb</li>#Newline            <li name="lenombre" value="713">nb</li>#Newline            <li name="lenombre" value="714">nb</li>#Newline            <li name="lenombre" value="715">nb</li>#Newline            <li name="lenombre" value="716">nb</li>#Newline            <li name="lenombre" value="717">nb</li>#Newline            <li name="lenombre" value="718">nb</li>#Newline            <li name="lenombre" value="719">nb</li>#Newline            <li name="lenombre" value="720">nb</li>#Newline            <li name="lenombre" value="721">nb</li>#Newline            <li name="lenombre" value="722">nb</li>#Newline            <li name="lenombre" value="723">nb</li>#Newline            <li name="lenombre" value="724">nb</li>#Newline            <li name="lenombre" value="725">nb</li>#Newline            <li name="lenombre" value="726">nb</li>#Newline            <li name="lenombre" value="727">nb</li>#Newline            <li name="lenombre" value="728">nb</li>#Newline            <li name="lenombre" value="729">nb</li>#Newline            <li name="lenombre" value="730">nb</li>#Newline            <li name="lenombre" value="731">nb</li>#Newline            <li name="lenombre" value="732">nb</li>#Newline            <li name="lenombre" value="733">nb</li>#Newline            <li name="lenombre" value="734">nb</li>#Newline            <li name="lenombre" value="735">nb</li>#Newline            <li name="lenombre" value="736">nb</li>#Newline            <li name="lenombre" value="737">nb</li>#Newline            <li name="lenombre" value="738">nb</li>#Newline            <li name="lenombre" value="739">nb</li>#Newline            <li name="lenombre" value="740">nb</li>#Newline            <li name="lenombre" value="741">nb</li>#Newline            <li name="lenombre" value="742">nb</li>#Newline            <li name="lenombre" value="743">nb</li>#Newline            <li name="lenombre" value="744">nb</li>#Newline            <li name="lenombre" value="745">nb</li>#Newline            <li name="lenombre" value="746">nb</li>#Newline            <li name="lenombre" value="747">nb</li>#Newline            <li name="lenombre" value="748">nb</li>#Newline            <li name="lenombre" value="749">nb</li>#Newline            <li name="lenombre" value="750">nb</li>#Newline            <li name="lenombre" value="751">nb</li>#Newline            <li name="lenombre" value="752">nb</li>#Newline            <li name="lenombre" value="753">nb</li>#Newline            <li name="lenombre" value="754">nb</li>#Newline            <li name="lenombre" value="755">nb</li>#Newline            <li name="lenombre" value="756">nb</li>#Newline            <li name="lenombre" value="757">nb</li>#Newline            <li name="lenombre" value="758">nb</li>#Newline            <li name="lenombre" value="759">nb</li>#Newline            <li name="lenombre" value="760">nb</li>#Newline            <li name="lenombre" value="761">nb</li>#Newline            <li name="lenombre" value="762">nb</li>#Newline            <li name="lenombre" value="763">nb</li>#Newline            <li name="lenombre" value="764">nb</li>#Newline            <li name="lenombre" value="765">nb</li>#Newline            <li name="lenombre" value="766">nb</li>#Newline            <li name="lenombre" value="767">nb</li>#Newline            <li name="lenombre" value="768">nb</li>#Newline            <li name="lenombre" value="769">nb</li>#Newline            <li name="lenombre" value="770">nb</li>#Newline            <li name="lenombre" value="771">nb</li>#Newline            <li name="lenombre" value="772">nb</li>#Newline            <li name="lenombre" value="773">nb</li>#Newline            <li name="lenombre" value="774">nb</li>#Newline            <li name="lenombre" value="775">nb</li>#Newline            <li name="lenombre" value="776">nb</li>#Newline            <li name="lenombre" value="777">nb</li>#Newline            <li name="lenombre" value="778">nb</li>#Newline            <li name="lenombre" value="779">nb</li>#Newline            <li name="lenombre" value="780">nb</li>#Newline            <li name="lenombre" value="781">nb</li>#Newline            <li name="lenombre" value="782">nb</li>#Newline            <li name="lenombre" value="783">nb</li>#Newline            <li name="lenombre" value="784">nb</li>#Newline            <li name="lenombre" value="785">nb</li>#Newline            <li name="lenombre" value="786">nb</li>#Newline            <li name="lenombre" value="787">nb</li>#Newline            <li name="lenombre" value="788">nb</li>#Newline            <li name="lenombre" value="789">nb</li>#Newline            <li name="lenombre" value="790">nb</li>#Newline            <li name="lenombre" value="791">nb</li>#Newline            <li name="lenombre" value="792">nb</li>#Newline            <li name="lenombre" value="793">nb</li>#Newline            <li name="lenombre" value="794">nb</li>#Newline            <li name="lenombre" value="795">nb</li>#Newline            <li name="lenombre" value="796">nb</li>#Newline            <li name="lenombre" value="797">nb</li>#Newline            <li name="lenombre" value="798">nb</li>#Newline            <li name="lenombre" value="799">nb</li>#Newline            <li name="lenombre" value="800">nb</li>#Newline            <li name="lenombre" value="801">nb</li>#Newline            <li name="lenombre" value="802">nb</li>#Newline            <li name="lenombre" value="803">nb</li>#Newline            <li name="lenombre" value="804">nb</li>#Newline            <li name="lenombre" value="805">nb</li>#Newline            <li name="lenombre" value="806">nb</li>#Newline            <li name="lenombre" value="807">nb</li>#Newline            <li name="lenombre" value="808">nb</li>#Newline            <li name="lenombre" value="809">nb</li>#Newline            <li name="lenombre" value="810">nb</li>#Newline            <li name="lenombre" value="811">nb</li>#Newline            <li name="lenombre" value="812">nb</li>#Newline            <li name="lenombre" value="813">nb</li>#Newline            <li name="lenombre" value="814">nb</li>#Newline            <li name="lenombre" value="815">nb</li>#Newline            <li name="lenombre" value="816">nb</li>#Newline            <li name="lenombre" value="817">nb</li>#Newline            <li name="lenombre" value="818">nb</li>#Newline            <li name="lenombre" value="819">nb</li>#Newline            <li name="lenombre" value="820">nb</li>#Newline            <li name="lenombre" value="821">nb</li>#Newline            <li name="lenombre" value="822">nb</li>#Newline            <li name="lenombre" value="823">nb</li>#Newline            <li name="lenombre" value="824">nb</li>#Newline            <li name="lenombre" value="825">nb</li>#Newline            <li name="lenombre" value="826">nb</li>#Newline            <li name="lenombre" value="827">nb</li>#Newline            <li name="lenombre" value="828">nb</li>#Newline            <li name="lenombre" value="829">nb</li>#Newline            <li name="lenombre" value="830">nb</li>#Newline            <li name="lenombre" value="831">nb</li>#Newline            <li name="lenombre" value="832">nb</li>#Newline            <li name="lenombre" value="833">nb</li>#Newline            <li name="lenombre" value="834">nb</li>#Newline            <li name="lenombre" value="835">nb</li>#Newline            <li name="lenombre" value="836">nb</li>#Newline            <li name="lenombre" value="837">nb</li>#Newline            <li name="lenombre" value="838">nb</li>#Newline            <li name="lenombre" value="839">nb</li>#Newline            <li name="lenombre" value="840">nb</li>#Newline            <li name="lenombre" value="841">nb</li>#Newline            <li name="lenombre" value="842">nb</li>#Newline            <li name="lenombre" value="843">nb</li>#Newline            <li name="lenombre" value="844">nb</li>#Newline            <li name="lenombre" value="845">nb</li>#Newline            <li name="lenombre" value="846">nb</li>#Newline            <li name="lenombre" value="847">nb</li>#Newline            <li name="lenombre" value="848">nb</li>#Newline            <li name="lenombre" value="849">nb</li>#Newline            <li name="lenombre" value="850">nb</li>#Newline            <li name="lenombre" value="851">nb</li>#Newline            <li name="lenombre" value="852">nb</li>#Newline            <li name="lenombre" value="853">nb</li>#Newline            <li name="lenombre" value="854">nb</li>#Newline            <li name="lenombre" value="855">nb</li>#Newline            <li name="lenombre" value="856">nb</li>#Newline            <li name="lenombre" value="857">nb</li>#Newline            <li name="lenombre" value="858">nb</li>#Newline            <li name="lenombre" value="859">nb</li>#Newline            <li name="lenombre" value="860">nb</li>#Newline            <li name="lenombre" value="861">nb</li>#Newline            <li name="lenombre" value="862">nb</li>#Newline            <li name="lenombre" value="863">nb</li>#Newline            <li name="lenombre" value="864">nb</li>#Newline            <li name="lenombre" value="865">nb</li>#Newline            <li name="lenombre" value="866">nb</li>#Newline            <li name="lenombre" value="867">nb</li>#Newline            <li name="lenombre" value="868">nb</li>#Newline            <li name="lenombre" value="869">nb</li>#Newline            <li name="lenombre" value="870">nb</li>#Newline            <li name="lenombre" value="871">nb</li>#Newline            <li name="lenombre" value="872">nb</li>#Newline            <li name="lenombre" value="873">nb</li>#Newline            <li name="lenombre" value="874">nb</li>#Newline            <li name="lenombre" value="875">nb</li>#Newline            <li name="lenombre" value="876">nb</li>#Newline            <li name="lenombre" value="877">nb</li>#Newline            <li name="lenombre" value="878">nb</li>#Newline            <li name="lenombre" value="879">nb</li>#Newline            <li name="lenombre" value="880">nb</li>#Newline            <li name="lenombre" value="881">nb</li>#Newline            <li name="lenombre" value="882">nb</li>#Newline            <li name="lenombre" value="883">nb</li>#Newline            <li name="lenombre" value="884">nb</li>#Newline            <li name="lenombre" value="885">nb</li>#Newline            <li name="lenombre" value="886">nb</li>#Newline            <li name="lenombre" value="887">nb</li>#Newline            <li name="lenombre" value="888">nb</li>#Newline            <li name="lenombre" value="889">nb</li>#Newline            <li name="lenombre" value="890">nb</li>#Newline            <li name="lenombre" value="891">nb</li>#Newline            <li name="lenombre" value="892">nb</li>#Newline            <li name="lenombre" value="893">nb</li>#Newline            <li name="lenombre" value="894">nb</li>#Newline            <li name="lenombre" value="895">nb</li>#Newline            <li name="lenombre" value="896">nb</li>#Newline            <li name="lenombre" value="897">nb</li>#Newline            <li name="lenombre" value="898">nb</li>#Newline            <li name="lenombre" value="899">nb</li>#Newline            <li name="lenombre" value="900">nb</li>#Newline            <li name="lenombre" value="901">nb</li>#Newline            <li name="lenombre" value="902">nb</li>#Newline            <li name="lenombre" value="903">nb</li>#Newline            <li name="lenombre" value="904">nb</li>#Newline            <li name="lenombre" value="905">nb</li>#Newline            <li name="lenombre" value="906">nb</li>#Newline            <li name="lenombre" value="907">nb</li>#Newline            <li name="lenombre" value="908">nb</li>#Newline            <li name="lenombre" value="909">nb</li>#Newline            <li name="lenombre" value="910">nb</li>#Newline            <li name="lenombre" value="911">nb</li>#Newline            <li name="lenombre" value="912">nb</li>#Newline            <li name="lenombre" value="913">nb</li>#Newline            <li name="lenombre" value="914">nb</li>#Newline            <li name="lenombre" value="915">nb</li>#Newline            <li name="lenombre" value="916">nb</li>#Newline            <li name="lenombre" value="917">nb</li>#Newline            <li name="lenombre" value="918">nb</li>#Newline            <li name="lenombre" value="919">nb</li>#Newline            <li name="lenombre" value="920">nb</li>#Newline            <li name="lenombre" value="921">nb</li>#Newline            <li name="lenombre" value="922">nb</li>#Newline            <li name="lenombre" value="923">nb</li>#Newline            <li name="lenombre" value="924">nb</li>#Newline            <li name="lenombre" value="925">nb</li>#Newline            <li name="lenombre" value="926">nb</li>#Newline            <li name="lenombre" value="927">nb</li>#Newline            <li name="lenombre" value="928">nb</li>#Newline            <li name="lenombre" value="929">nb</li>#Newline            <li name="lenombre" value="930">nb</li>#Newline            <li name="lenombre" value="931">nb</li>#Newline            <li name="lenombre" value="932">nb</li>#Newline            <li name="lenombre" value="933">nb</li>#Newline            <li name="lenombre" value="934">nb</li>#Newline            <li name="lenombre" value="935">nb</li>#Newline            <li name="lenombre" value="936">nb</li>#Newline            <li name="lenombre" value="937">nb</li>#Newline            <li name="lenombre" value="938">nb</li>#Newline            <li name="lenombre" value="939">nb</li>#Newline            <li name="lenombre" value="940">nb</li>#Newline            <li name="lenombre" value="941">nb</li>#Newline            <li name="lenombre" value="942">nb</li>#Newline            <li name="lenombre" value="943">nb</li>#Newline            <li name="lenombre" value="944">nb</li>#Newline            <li name="lenombre" value="945">nb</li>#Newline            <li name="lenombre" value="946">nb</li>#Newline            <li name="lenombre" value="947">nb</li>#Newline            <li name="lenombre" value="948">nb</li>#Newline            <li name="lenombre" value="949">nb</li>#Newline            <li name="lenombre" value="950">nb</li>#Newline            <li name="lenombre" value="951">nb</li>#Newline            <li name="lenombre" value="952">nb</li>#Newline            <li name="lenombre" value="953">nb</li>#Newline            <li name="lenombre" value="954">nb</li>#Newline            <li name="lenombre" value="955">nb</li>#Newline            <li name="lenombre" value="956">nb</li>#Newline            <li name="lenombre" value="957">nb</li>#Newline            <li name="lenombre" value="958">nb</li>#Newline            <li name="lenombre" value="959">nb</li>#Newline            <li name="lenombre" value="960">nb</li>#Newline            <li name="lenombre" value="961">nb</li>#Newline            <li name="lenombre" value="962">nb</li>#Newline            <li name="lenombre" value="963">nb</li>#Newline            <li name="lenombre" value="964">nb</li>#Newline            <li name="lenombre" value="965">nb</li>#Newline            <li name="lenombre" value="966">nb</li>#Newline            <li name="lenombre" value="967">nb</li>#Newline            <li name="lenombre" value="968">nb</li>#Newline            <li name="lenombre" value="969">nb</li>#Newline            <li name="lenombre" value="970">nb</li>#Newline            <li name="lenombre" value="971">nb</li>#Newline            <li name="lenombre" value="972">nb</li>#Newline            <li name="lenombre" value="973">nb</li>#Newline            <li name="lenombre" value="974">nb</li>#Newline            <li name="lenombre" value="975">nb</li>#Newline            <li name="lenombre" value="976">nb</li>#Newline            <li name="lenombre" value="977">nb</li>#Newline            <li name="lenombre" value="978">nb</li>#Newline            <li name="lenombre" value="979">nb</li>#Newline            <li name="lenombre" value="980">nb</li>#Newline            <li name="lenombre" value="981">nb</li>#Newline            <li name="lenombre" value="982">nb</li>#Newline            <li name="lenombre" value="983">nb</li>#Newline            <li name="lenombre" value="984">nb</li>#Newline            <li name="lenombre" value="985">nb</li>#Newline            <li name="lenombre" value="986">nb</li>#Newline            <li name="lenombre" value="987">nb</li>#Newline            <li name="lenombre" value="988">nb</li>#Newline            <li name="lenombre" value="989">nb</li>#Newline            <li name="lenombre" value="990">nb</li>#Newline            <li name="lenombre" value="991">nb</li>#Newline            <li name="lenombre" value="992">nb</li>#Newline            <li name="lenombre" value="993">nb</li>#Newline            <li name="lenombre" value="994">nb</li>#Newline            <li name="lenombre" value="995">nb</li>#Newline            <li name="lenombre" value="996">nb</li>#Newline            <li name="lenombre" value="997">nb</li>#Newline            <li name="lenombre" value="998">nb</li>#Newline            <li name="lenombre" value="999">nb</li>#Newline            <li name="lenombre" value="1000">nb</li>#Newline            <li name="lenombre" value="10000">nb</li>#Newline            <li>alpha</li>#Newline          </condition>#Newline        </set>#Newline      </think>,nombres.aiml
0,RND100,*,*,<srai>RND 100</srai>,nombres.aiml
0,RND90,*,*,<srai>RND 90</srai>,nombres.aiml
0,RND80,*,*,<srai>RND 80</srai>,nombres.aiml
0,RND70,*,*,<srai>RND 70</srai>,nombres.aiml
0,RND60,*,*,<srai>RND 60</srai>,nombres.aiml
0,RND50,*,*,<srai>RND 50</srai>,nombres.aiml
0,RND40,*,*,<srai>RND 40</srai>,nombres.aiml
0,RND30,*,*,<srai>RND 30</srai>,nombres.aiml
0,RND20,*,*,<srai>RND 20</srai>,nombres.aiml
0,RND10,*,*,<srai>RND 10</srai>,nombres.aiml
